Year,SERIES,PRODUCT,UNIT_MEASURE,Value
2000,EN_MAT_DOMCMPC,,T,5.20171
2001,EN_MAT_DOMCMPC,,T,5.31837
2002,EN_MAT_DOMCMPC,,T,5.15987
2003,EN_MAT_DOMCMPC,,T,4.65885
2004,EN_MAT_DOMCMPC,,T,5.11767
2005,EN_MAT_DOMCMPC,,T,4.52078
2006,EN_MAT_DOMCMPC,,T,4.57574
2007,EN_MAT_DOMCMPC,,T,3.948
2008,EN_MAT_DOMCMPC,,T,3.35196
2009,EN_MAT_DOMCMPC,,T,3.71108
2010,EN_MAT_DOMCMPC,,T,4.43948
2011,EN_MAT_DOMCMPC,,T,5.12884
2012,EN_MAT_DOMCMPC,,T,5.6462
2013,EN_MAT_DOMCMPC,,T,5.38676
2014,EN_MAT_DOMCMPC,,T,5.28491
2015,EN_MAT_DOMCMPC,,T,5.26568
2016,EN_MAT_DOMCMPC,,T,5.29924
2017,EN_MAT_DOMCMPC,,T,5.39747
2018,EN_MAT_DOMCMPC,,T,5.76186
2019,EN_MAT_DOMCMPC,,T,5.7551
2000,EN_MAT_DOMCMPC,MF_AGG3A,T,0.623
2001,EN_MAT_DOMCMPC,MF_AGG3A,T,0.65537
2002,EN_MAT_DOMCMPC,MF_AGG3A,T,0.52699
2003,EN_MAT_DOMCMPC,MF_AGG3A,T,0.2348
2004,EN_MAT_DOMCMPC,MF_AGG3A,T,0.1681
2005,EN_MAT_DOMCMPC,MF_AGG3A,T,0.26716
2006,EN_MAT_DOMCMPC,MF_AGG3A,T,0.15444
2007,EN_MAT_DOMCMPC,MF_AGG3A,T,0.01117
2008,EN_MAT_DOMCMPC,MF_AGG3A,T,0.09986
2009,EN_MAT_DOMCMPC,MF_AGG3A,T,0.26235
2010,EN_MAT_DOMCMPC,MF_AGG3A,T,0.36303
2011,EN_MAT_DOMCMPC,MF_AGG3A,T,0.48234
2012,EN_MAT_DOMCMPC,MF_AGG3A,T,0.73849
2013,EN_MAT_DOMCMPC,MF_AGG3A,T,0.54498
2014,EN_MAT_DOMCMPC,MF_AGG3A,T,0.59405
2015,EN_MAT_DOMCMPC,MF_AGG3A,T,0.73403
2016,EN_MAT_DOMCMPC,MF_AGG3A,T,0.84808
2017,EN_MAT_DOMCMPC,MF_AGG3A,T,0.8363
2018,EN_MAT_DOMCMPC,MF_AGG3A,T,0.84094
2019,EN_MAT_DOMCMPC,MF_AGG3A,T,0.88438
2000,EN_MAT_DOMCMPC,MF_AGG3B,T,0.06581
2001,EN_MAT_DOMCMPC,MF_AGG3B,T,0.0494
2002,EN_MAT_DOMCMPC,MF_AGG3B,T,0.59855
2003,EN_MAT_DOMCMPC,MF_AGG3B,T,0.23398
2004,EN_MAT_DOMCMPC,MF_AGG3B,T,0.02148
2005,EN_MAT_DOMCMPC,MF_AGG3B,T,0.05599
2006,EN_MAT_DOMCMPC,MF_AGG3B,T,0.09064
2007,EN_MAT_DOMCMPC,MF_AGG3B,T,0.06932
2008,EN_MAT_DOMCMPC,MF_AGG3B,T,0.05889
2009,EN_MAT_DOMCMPC,MF_AGG3B,T,0.05096
2010,EN_MAT_DOMCMPC,MF_AGG3B,T,0.31225
2011,EN_MAT_DOMCMPC,MF_AGG3B,T,0.30237
2012,EN_MAT_DOMCMPC,MF_AGG3B,T,0.43801
2013,EN_MAT_DOMCMPC,MF_AGG3B,T,0.35764
2014,EN_MAT_DOMCMPC,MF_AGG3B,T,0.18086
2015,EN_MAT_DOMCMPC,MF_AGG3B,T,0.12924
2016,EN_MAT_DOMCMPC,MF_AGG3B,T,0.08202
2017,EN_MAT_DOMCMPC,MF_AGG3B,T,0.10316
2018,EN_MAT_DOMCMPC,MF_AGG3B,T,0.10598
2019,EN_MAT_DOMCMPC,MF_AGG3B,T,0.1104
2000,EN_MAT_DOMCMPC,MF1,T,3.07338
2001,EN_MAT_DOMCMPC,MF1,T,3.16661
2002,EN_MAT_DOMCMPC,MF1,T,2.58467
2003,EN_MAT_DOMCMPC,MF1,T,2.80895
2004,EN_MAT_DOMCMPC,MF1,T,3.28511
2005,EN_MAT_DOMCMPC,MF1,T,2.69308
2006,EN_MAT_DOMCMPC,MF1,T,3.044
2007,EN_MAT_DOMCMPC,MF1,T,2.73511
2008,EN_MAT_DOMCMPC,MF1,T,2.28997
2009,EN_MAT_DOMCMPC,MF1,T,2.3991
2010,EN_MAT_DOMCMPC,MF1,T,2.6531
2011,EN_MAT_DOMCMPC,MF1,T,2.62432
2012,EN_MAT_DOMCMPC,MF1,T,2.74453
2013,EN_MAT_DOMCMPC,MF1,T,2.64757
2014,EN_MAT_DOMCMPC,MF1,T,2.36685
2015,EN_MAT_DOMCMPC,MF1,T,2.25921
2016,EN_MAT_DOMCMPC,MF1,T,2.22873
2017,EN_MAT_DOMCMPC,MF1,T,2.21839
2018,EN_MAT_DOMCMPC,MF1,T,2.19683
2019,EN_MAT_DOMCMPC,MF1,T,2.11337
2000,EN_MAT_DOMCMPC,MF11,T,0.56933
2001,EN_MAT_DOMCMPC,MF11,T,0.63091
2002,EN_MAT_DOMCMPC,MF11,T,0.50361
2003,EN_MAT_DOMCMPC,MF11,T,0.60856
2004,EN_MAT_DOMCMPC,MF11,T,0.71527
2005,EN_MAT_DOMCMPC,MF11,T,0.5265
2006,EN_MAT_DOMCMPC,MF11,T,0.6715
2007,EN_MAT_DOMCMPC,MF11,T,0.53939
2008,EN_MAT_DOMCMPC,MF11,T,0.42125
2009,EN_MAT_DOMCMPC,MF11,T,0.45688
2010,EN_MAT_DOMCMPC,MF11,T,0.51177
2011,EN_MAT_DOMCMPC,MF11,T,0.50272
2012,EN_MAT_DOMCMPC,MF11,T,0.55989
2013,EN_MAT_DOMCMPC,MF11,T,0.52747
2014,EN_MAT_DOMCMPC,MF11,T,0.50062
2015,EN_MAT_DOMCMPC,MF11,T,0.45607
2016,EN_MAT_DOMCMPC,MF11,T,0.47629
2017,EN_MAT_DOMCMPC,MF11,T,0.44116
2018,EN_MAT_DOMCMPC,MF11,T,0.40775
2019,EN_MAT_DOMCMPC,MF11,T,0.36573
2000,EN_MAT_DOMCMPC,MF121,T,0.8068
2001,EN_MAT_DOMCMPC,MF121,T,0.81404
2002,EN_MAT_DOMCMPC,MF121,T,0.46347
2003,EN_MAT_DOMCMPC,MF121,T,0.63662
2004,EN_MAT_DOMCMPC,MF121,T,1.04092
2005,EN_MAT_DOMCMPC,MF121,T,0.64246
2006,EN_MAT_DOMCMPC,MF121,T,0.87873
2007,EN_MAT_DOMCMPC,MF121,T,0.69909
2008,EN_MAT_DOMCMPC,MF121,T,0.39558
2009,EN_MAT_DOMCMPC,MF121,T,0.40666
2010,EN_MAT_DOMCMPC,MF121,T,0.53461
2011,EN_MAT_DOMCMPC,MF121,T,0.48486
2012,EN_MAT_DOMCMPC,MF121,T,0.55975
2013,EN_MAT_DOMCMPC,MF121,T,0.5026
2014,EN_MAT_DOMCMPC,MF121,T,0.49397
2015,EN_MAT_DOMCMPC,MF121,T,0.35908
2016,EN_MAT_DOMCMPC,MF121,T,0.33052
2017,EN_MAT_DOMCMPC,MF121,T,0.378
2018,EN_MAT_DOMCMPC,MF121,T,0.37938
2019,EN_MAT_DOMCMPC,MF121,T,0.3499
2000,EN_MAT_DOMCMPC,MF122,T,1.1866
2001,EN_MAT_DOMCMPC,MF122,T,1.20917
2002,EN_MAT_DOMCMPC,MF122,T,1.10642
2003,EN_MAT_DOMCMPC,MF122,T,1.05802
2004,EN_MAT_DOMCMPC,MF122,T,1.0249
2005,EN_MAT_DOMCMPC,MF122,T,1.0253
2006,EN_MAT_DOMCMPC,MF122,T,0.98536
2007,EN_MAT_DOMCMPC,MF122,T,0.9924
2008,EN_MAT_DOMCMPC,MF122,T,0.97602
2009,EN_MAT_DOMCMPC,MF122,T,1.04275
2010,EN_MAT_DOMCMPC,MF122,T,1.11344
2011,EN_MAT_DOMCMPC,MF122,T,1.14766
2012,EN_MAT_DOMCMPC,MF122,T,1.14002
2013,EN_MAT_DOMCMPC,MF122,T,1.13093
2014,EN_MAT_DOMCMPC,MF122,T,0.88985
2015,EN_MAT_DOMCMPC,MF122,T,0.96703
2016,EN_MAT_DOMCMPC,MF122,T,0.94814
2017,EN_MAT_DOMCMPC,MF122,T,0.93108
2018,EN_MAT_DOMCMPC,MF122,T,0.94343
2019,EN_MAT_DOMCMPC,MF122,T,0.9376
2000,EN_MAT_DOMCMPC,MF13,T,0.50849
2001,EN_MAT_DOMCMPC,MF13,T,0.51121
2002,EN_MAT_DOMCMPC,MF13,T,0.51016
2003,EN_MAT_DOMCMPC,MF13,T,0.50487
2004,EN_MAT_DOMCMPC,MF13,T,0.50298
2005,EN_MAT_DOMCMPC,MF13,T,0.49784
2006,EN_MAT_DOMCMPC,MF13,T,0.50703
2007,EN_MAT_DOMCMPC,MF13,T,0.50318
2008,EN_MAT_DOMCMPC,MF13,T,0.49593
2009,EN_MAT_DOMCMPC,MF13,T,0.49162
2010,EN_MAT_DOMCMPC,MF13,T,0.49109
2011,EN_MAT_DOMCMPC,MF13,T,0.48673
2012,EN_MAT_DOMCMPC,MF13,T,0.48221
2013,EN_MAT_DOMCMPC,MF13,T,0.48411
2014,EN_MAT_DOMCMPC,MF13,T,0.48
2015,EN_MAT_DOMCMPC,MF13,T,0.4742
2016,EN_MAT_DOMCMPC,MF13,T,0.47056
2017,EN_MAT_DOMCMPC,MF13,T,0.46496
2018,EN_MAT_DOMCMPC,MF13,T,0.46419
2019,EN_MAT_DOMCMPC,MF13,T,0.45804
2000,EN_MAT_DOMCMPC,MF14,T,0.00215
2001,EN_MAT_DOMCMPC,MF14,T,0.00128
2002,EN_MAT_DOMCMPC,MF14,T,0.00101
2003,EN_MAT_DOMCMPC,MF14,T,0.00088
2004,EN_MAT_DOMCMPC,MF14,T,0.00104
2005,EN_MAT_DOMCMPC,MF14,T,0.00098
2006,EN_MAT_DOMCMPC,MF14,T,0.00139
2007,EN_MAT_DOMCMPC,MF14,T,0.00104
2008,EN_MAT_DOMCMPC,MF14,T,0.00117
2009,EN_MAT_DOMCMPC,MF14,T,0.0012
2010,EN_MAT_DOMCMPC,MF14,T,0.0022
2011,EN_MAT_DOMCMPC,MF14,T,0.00234
2012,EN_MAT_DOMCMPC,MF14,T,0.00266
2013,EN_MAT_DOMCMPC,MF14,T,0.00246
2014,EN_MAT_DOMCMPC,MF14,T,0.00241
2015,EN_MAT_DOMCMPC,MF14,T,0.00283
2016,EN_MAT_DOMCMPC,MF14,T,0.00322
2017,EN_MAT_DOMCMPC,MF14,T,0.00319
2018,EN_MAT_DOMCMPC,MF14,T,0.00207
2019,EN_MAT_DOMCMPC,MF14,T,0.0021
2000,EN_MAT_DOMCMPC,MF2,T,0.99432
2001,EN_MAT_DOMCMPC,MF2,T,0.94571
2002,EN_MAT_DOMCMPC,MF2,T,0.98893
2003,EN_MAT_DOMCMPC,MF2,T,0.97813
2004,EN_MAT_DOMCMPC,MF2,T,1.28323
2005,EN_MAT_DOMCMPC,MF2,T,1.05404
2006,EN_MAT_DOMCMPC,MF2,T,0.93898
2007,EN_MAT_DOMCMPC,MF2,T,0.76802
2008,EN_MAT_DOMCMPC,MF2,T,0.61105
2009,EN_MAT_DOMCMPC,MF2,T,0.68532
2010,EN_MAT_DOMCMPC,MF2,T,0.70439
2011,EN_MAT_DOMCMPC,MF2,T,1.2639
2012,EN_MAT_DOMCMPC,MF2,T,1.26904
2013,EN_MAT_DOMCMPC,MF2,T,1.44444
2014,EN_MAT_DOMCMPC,MF2,T,1.49295
2015,EN_MAT_DOMCMPC,MF2,T,1.59639
2016,EN_MAT_DOMCMPC,MF2,T,1.80194
2017,EN_MAT_DOMCMPC,MF2,T,1.83495
2018,EN_MAT_DOMCMPC,MF2,T,2.0947
2019,EN_MAT_DOMCMPC,MF2,T,2.1749
2000,EN_MAT_DOMCMPC,MF21,T,0.026
2001,EN_MAT_DOMCMPC,MF21,T,0.01735
2002,EN_MAT_DOMCMPC,MF21,T,-0.03131
2003,EN_MAT_DOMCMPC,MF21,T,0.01973
2004,EN_MAT_DOMCMPC,MF21,T,-0.00782
2005,EN_MAT_DOMCMPC,MF21,T,-0.00291
2006,EN_MAT_DOMCMPC,MF21,T,0.0052
2007,EN_MAT_DOMCMPC,MF21,T,0.00162
2008,EN_MAT_DOMCMPC,MF21,T,0.00154
2009,EN_MAT_DOMCMPC,MF21,T,0.00176
2010,EN_MAT_DOMCMPC,MF21,T,-0.0082
2011,EN_MAT_DOMCMPC,MF21,T,0.00359
2012,EN_MAT_DOMCMPC,MF21,T,0.00273
2013,EN_MAT_DOMCMPC,MF21,T,-0.00238
2014,EN_MAT_DOMCMPC,MF21,T,-0.01042
2015,EN_MAT_DOMCMPC,MF21,T,5e-05
2016,EN_MAT_DOMCMPC,MF21,T,0.00332
2017,EN_MAT_DOMCMPC,MF21,T,-0.01053
2018,EN_MAT_DOMCMPC,MF21,T,-0.01524
2019,EN_MAT_DOMCMPC,MF21,T,-0.01504
2000,EN_MAT_DOMCMPC,MF22,T,0.96832
2001,EN_MAT_DOMCMPC,MF22,T,0.92836
2002,EN_MAT_DOMCMPC,MF22,T,1.02024
2003,EN_MAT_DOMCMPC,MF22,T,0.9584
2004,EN_MAT_DOMCMPC,MF22,T,1.29105
2005,EN_MAT_DOMCMPC,MF22,T,1.05694
2006,EN_MAT_DOMCMPC,MF22,T,0.93378
2007,EN_MAT_DOMCMPC,MF22,T,0.76639
2008,EN_MAT_DOMCMPC,MF22,T,0.60951
2009,EN_MAT_DOMCMPC,MF22,T,0.68356
2010,EN_MAT_DOMCMPC,MF22,T,0.71259
2011,EN_MAT_DOMCMPC,MF22,T,1.26031
2012,EN_MAT_DOMCMPC,MF22,T,1.26631
2013,EN_MAT_DOMCMPC,MF22,T,1.44682
2014,EN_MAT_DOMCMPC,MF22,T,1.50337
2015,EN_MAT_DOMCMPC,MF22,T,1.59634
2016,EN_MAT_DOMCMPC,MF22,T,1.79861
2017,EN_MAT_DOMCMPC,MF22,T,1.84549
2018,EN_MAT_DOMCMPC,MF22,T,2.10994
2019,EN_MAT_DOMCMPC,MF22,T,2.18994
2000,EN_MAT_DOMCMPC,MF3,T,0.68881
2001,EN_MAT_DOMCMPC,MF3,T,0.70477
2002,EN_MAT_DOMCMPC,MF3,T,1.12554
2003,EN_MAT_DOMCMPC,MF3,T,0.46878
2004,EN_MAT_DOMCMPC,MF3,T,0.18958
2005,EN_MAT_DOMCMPC,MF3,T,0.32314
2006,EN_MAT_DOMCMPC,MF3,T,0.24507
2007,EN_MAT_DOMCMPC,MF3,T,0.08049
2008,EN_MAT_DOMCMPC,MF3,T,0.15875
2009,EN_MAT_DOMCMPC,MF3,T,0.31331
2010,EN_MAT_DOMCMPC,MF3,T,0.67528
2011,EN_MAT_DOMCMPC,MF3,T,0.78471
2012,EN_MAT_DOMCMPC,MF3,T,1.1765
2013,EN_MAT_DOMCMPC,MF3,T,0.90261
2014,EN_MAT_DOMCMPC,MF3,T,0.77492
2015,EN_MAT_DOMCMPC,MF3,T,0.86327
2016,EN_MAT_DOMCMPC,MF3,T,0.9301
2017,EN_MAT_DOMCMPC,MF3,T,0.93946
2018,EN_MAT_DOMCMPC,MF3,T,0.94693
2019,EN_MAT_DOMCMPC,MF3,T,0.99478
2000,EN_MAT_DOMCMPC,MF4,T,0.3784
2001,EN_MAT_DOMCMPC,MF4,T,0.38243
2002,EN_MAT_DOMCMPC,MF4,T,0.34766
2003,EN_MAT_DOMCMPC,MF4,T,0.28809
2004,EN_MAT_DOMCMPC,MF4,T,0.27063
2005,EN_MAT_DOMCMPC,MF4,T,0.30422
2006,EN_MAT_DOMCMPC,MF4,T,0.2918
2007,EN_MAT_DOMCMPC,MF4,T,0.27889
2008,EN_MAT_DOMCMPC,MF4,T,0.20833
2009,EN_MAT_DOMCMPC,MF4,T,0.21066
2010,EN_MAT_DOMCMPC,MF4,T,0.22384
2011,EN_MAT_DOMCMPC,MF4,T,0.22129
2012,EN_MAT_DOMCMPC,MF4,T,0.23026
2013,EN_MAT_DOMCMPC,MF4,T,0.2301
2014,EN_MAT_DOMCMPC,MF4,T,0.42823
2015,EN_MAT_DOMCMPC,MF4,T,0.31598
2016,EN_MAT_DOMCMPC,MF4,T,0.11576
2017,EN_MAT_DOMCMPC,MF4,T,0.20127
2018,EN_MAT_DOMCMPC,MF4,T,0.225
2019,EN_MAT_DOMCMPC,MF4,T,0.22253
2000,EN_MAT_DOMCMPC,MF41,T,0.3784
2001,EN_MAT_DOMCMPC,MF41,T,0.38243
2002,EN_MAT_DOMCMPC,MF41,T,0.34766
2003,EN_MAT_DOMCMPC,MF41,T,0.28809
2004,EN_MAT_DOMCMPC,MF41,T,0.27063
2005,EN_MAT_DOMCMPC,MF41,T,0.30422
2006,EN_MAT_DOMCMPC,MF41,T,0.2918
2007,EN_MAT_DOMCMPC,MF41,T,0.27889
2008,EN_MAT_DOMCMPC,MF41,T,0.20833
2009,EN_MAT_DOMCMPC,MF41,T,0.21066
2010,EN_MAT_DOMCMPC,MF41,T,0.22384
2011,EN_MAT_DOMCMPC,MF41,T,0.22129
2012,EN_MAT_DOMCMPC,MF41,T,0.23026
2013,EN_MAT_DOMCMPC,MF41,T,0.2301
2014,EN_MAT_DOMCMPC,MF41,T,0.42823
2015,EN_MAT_DOMCMPC,MF41,T,0.31598
2016,EN_MAT_DOMCMPC,MF41,T,0.11576
2017,EN_MAT_DOMCMPC,MF41,T,0.20127
2018,EN_MAT_DOMCMPC,MF41,T,0.225
2019,EN_MAT_DOMCMPC,MF41,T,0.22253
2000,EN_MAT_DOMCMPC,MF413,T,0.0
2001,EN_MAT_DOMCMPC,MF413,T,0.0
2002,EN_MAT_DOMCMPC,MF413,T,0.0
2003,EN_MAT_DOMCMPC,MF413,T,0.0
2004,EN_MAT_DOMCMPC,MF413,T,0.0
2005,EN_MAT_DOMCMPC,MF413,T,0.0
2006,EN_MAT_DOMCMPC,MF413,T,0.0
2007,EN_MAT_DOMCMPC,MF413,T,0.0
2008,EN_MAT_DOMCMPC,MF413,T,0.0
2009,EN_MAT_DOMCMPC,MF413,T,0.0
2010,EN_MAT_DOMCMPC,MF413,T,0.0
2011,EN_MAT_DOMCMPC,MF413,T,0.0
2012,EN_MAT_DOMCMPC,MF413,T,0.0
2013,EN_MAT_DOMCMPC,MF413,T,0.0
2014,EN_MAT_DOMCMPC,MF413,T,0.0
2015,EN_MAT_DOMCMPC,MF413,T,0.0
2016,EN_MAT_DOMCMPC,MF413,T,0.0
2017,EN_MAT_DOMCMPC,MF413,T,0.0
2018,EN_MAT_DOMCMPC,MF413,T,0.0
2019,EN_MAT_DOMCMPC,MF413,T,0.0
2000,EN_MAT_DOMCMPC,MF421,T,0.0
2001,EN_MAT_DOMCMPC,MF421,T,0.0
2002,EN_MAT_DOMCMPC,MF421,T,0.0
2003,EN_MAT_DOMCMPC,MF421,T,0.0
2004,EN_MAT_DOMCMPC,MF421,T,0.0
2005,EN_MAT_DOMCMPC,MF421,T,0.0
2006,EN_MAT_DOMCMPC,MF421,T,0.0
2007,EN_MAT_DOMCMPC,MF421,T,0.0
2008,EN_MAT_DOMCMPC,MF421,T,0.0
2009,EN_MAT_DOMCMPC,MF421,T,0.0
2010,EN_MAT_DOMCMPC,MF421,T,0.0
2011,EN_MAT_DOMCMPC,MF421,T,0.0
2012,EN_MAT_DOMCMPC,MF421,T,0.0
2013,EN_MAT_DOMCMPC,MF421,T,0.0
2014,EN_MAT_DOMCMPC,MF421,T,0.0
2015,EN_MAT_DOMCMPC,MF421,T,0.0
2016,EN_MAT_DOMCMPC,MF421,T,0.0
2017,EN_MAT_DOMCMPC,MF421,T,0.0
2018,EN_MAT_DOMCMPC,MF421,T,0.0
2019,EN_MAT_DOMCMPC,MF421,T,0.0
2000,EN_MAT_DOMCMPC,MF422,T,0.0
2001,EN_MAT_DOMCMPC,MF422,T,0.0
2002,EN_MAT_DOMCMPC,MF422,T,0.0
2003,EN_MAT_DOMCMPC,MF422,T,0.0
2004,EN_MAT_DOMCMPC,MF422,T,0.0
2005,EN_MAT_DOMCMPC,MF422,T,0.0
2006,EN_MAT_DOMCMPC,MF422,T,0.0
2007,EN_MAT_DOMCMPC,MF422,T,0.0
2008,EN_MAT_DOMCMPC,MF422,T,0.0
2009,EN_MAT_DOMCMPC,MF422,T,0.0
2010,EN_MAT_DOMCMPC,MF422,T,0.0
2011,EN_MAT_DOMCMPC,MF422,T,0.0
2012,EN_MAT_DOMCMPC,MF422,T,0.0
2013,EN_MAT_DOMCMPC,MF422,T,0.0
2014,EN_MAT_DOMCMPC,MF422,T,0.0
2015,EN_MAT_DOMCMPC,MF422,T,0.0
2016,EN_MAT_DOMCMPC,MF422,T,0.0
2017,EN_MAT_DOMCMPC,MF422,T,0.0
2018,EN_MAT_DOMCMPC,MF422,T,0.0
2019,EN_MAT_DOMCMPC,MF422,T,0.0
2000,EN_MAT_DOMCMPG,,KG_PER_CON_USD,5.96832
2001,EN_MAT_DOMCMPG,,KG_PER_CON_USD,6.13584
2002,EN_MAT_DOMCMPG,,KG_PER_CON_USD,6.34498
2003,EN_MAT_DOMCMPG,,KG_PER_CON_USD,6.2053
2004,EN_MAT_DOMCMPG,,KG_PER_CON_USD,7.09635
2005,EN_MAT_DOMCMPG,,KG_PER_CON_USD,6.56503
2006,EN_MAT_DOMCMPG,,KG_PER_CON_USD,6.9397
2007,EN_MAT_DOMCMPG,,KG_PER_CON_USD,6.24104
2008,EN_MAT_DOMCMPG,,KG_PER_CON_USD,5.61867
2009,EN_MAT_DOMCMPG,,KG_PER_CON_USD,3.94572
2010,EN_MAT_DOMCMPG,,KG_PER_CON_USD,3.99792
2011,EN_MAT_DOMCMPG,,KG_PER_CON_USD,4.10725
2012,EN_MAT_DOMCMPG,,KG_PER_CON_USD,3.94203
2013,EN_MAT_DOMCMPG,,KG_PER_CON_USD,3.75368
2014,EN_MAT_DOMCMPG,,KG_PER_CON_USD,3.66088
2015,EN_MAT_DOMCMPG,,KG_PER_CON_USD,3.64389
2016,EN_MAT_DOMCMPG,,KG_PER_CON_USD,3.69643
2017,EN_MAT_DOMCMPG,,KG_PER_CON_USD,3.64867
2018,EN_MAT_DOMCMPG,,KG_PER_CON_USD,3.76832
2019,EN_MAT_DOMCMPG,,KG_PER_CON_USD,4.15427
2000,EN_MAT_DOMCMPG,MF_AGG3A,KG_PER_CON_USD,0.71482
2001,EN_MAT_DOMCMPG,MF_AGG3A,KG_PER_CON_USD,0.75611
2002,EN_MAT_DOMCMPG,MF_AGG3A,KG_PER_CON_USD,0.64802
2003,EN_MAT_DOMCMPG,MF_AGG3A,KG_PER_CON_USD,0.31274
2004,EN_MAT_DOMCMPG,MF_AGG3A,KG_PER_CON_USD,0.23309
2005,EN_MAT_DOMCMPG,MF_AGG3A,KG_PER_CON_USD,0.38796
2006,EN_MAT_DOMCMPG,MF_AGG3A,KG_PER_CON_USD,0.23422
2007,EN_MAT_DOMCMPG,MF_AGG3A,KG_PER_CON_USD,0.01765
2008,EN_MAT_DOMCMPG,MF_AGG3A,KG_PER_CON_USD,0.16738
2009,EN_MAT_DOMCMPG,MF_AGG3A,KG_PER_CON_USD,0.27893
2010,EN_MAT_DOMCMPG,MF_AGG3A,KG_PER_CON_USD,0.32692
2011,EN_MAT_DOMCMPG,MF_AGG3A,KG_PER_CON_USD,0.38626
2012,EN_MAT_DOMCMPG,MF_AGG3A,KG_PER_CON_USD,0.51559
2013,EN_MAT_DOMCMPG,MF_AGG3A,KG_PER_CON_USD,0.37976
2014,EN_MAT_DOMCMPG,MF_AGG3A,KG_PER_CON_USD,0.4115
2015,EN_MAT_DOMCMPG,MF_AGG3A,KG_PER_CON_USD,0.50796
2016,EN_MAT_DOMCMPG,MF_AGG3A,KG_PER_CON_USD,0.59157
2017,EN_MAT_DOMCMPG,MF_AGG3A,KG_PER_CON_USD,0.56534
2018,EN_MAT_DOMCMPG,MF_AGG3A,KG_PER_CON_USD,0.54998
2019,EN_MAT_DOMCMPG,MF_AGG3A,KG_PER_CON_USD,0.63838
2000,EN_MAT_DOMCMPG,MF_AGG3B,KG_PER_CON_USD,0.07551
2001,EN_MAT_DOMCMPG,MF_AGG3B,KG_PER_CON_USD,0.05699
2002,EN_MAT_DOMCMPG,MF_AGG3B,KG_PER_CON_USD,0.73603
2003,EN_MAT_DOMCMPG,MF_AGG3B,KG_PER_CON_USD,0.31165
2004,EN_MAT_DOMCMPG,MF_AGG3B,KG_PER_CON_USD,0.02979
2005,EN_MAT_DOMCMPG,MF_AGG3B,KG_PER_CON_USD,0.0813
2006,EN_MAT_DOMCMPG,MF_AGG3B,KG_PER_CON_USD,0.13746
2007,EN_MAT_DOMCMPG,MF_AGG3B,KG_PER_CON_USD,0.10958
2008,EN_MAT_DOMCMPG,MF_AGG3B,KG_PER_CON_USD,0.09872
2009,EN_MAT_DOMCMPG,MF_AGG3B,KG_PER_CON_USD,0.05418
2010,EN_MAT_DOMCMPG,MF_AGG3B,KG_PER_CON_USD,0.28119
2011,EN_MAT_DOMCMPG,MF_AGG3B,KG_PER_CON_USD,0.24214
2012,EN_MAT_DOMCMPG,MF_AGG3B,KG_PER_CON_USD,0.30581
2013,EN_MAT_DOMCMPG,MF_AGG3B,KG_PER_CON_USD,0.24921
2014,EN_MAT_DOMCMPG,MF_AGG3B,KG_PER_CON_USD,0.12528
2015,EN_MAT_DOMCMPG,MF_AGG3B,KG_PER_CON_USD,0.08944
2016,EN_MAT_DOMCMPG,MF_AGG3B,KG_PER_CON_USD,0.05721
2017,EN_MAT_DOMCMPG,MF_AGG3B,KG_PER_CON_USD,0.06973
2018,EN_MAT_DOMCMPG,MF_AGG3B,KG_PER_CON_USD,0.06931
2019,EN_MAT_DOMCMPG,MF_AGG3B,KG_PER_CON_USD,0.07969
2000,EN_MAT_DOMCMPG,MF1,KG_PER_CON_USD,3.52633
2001,EN_MAT_DOMCMPG,MF1,KG_PER_CON_USD,3.65333
2002,EN_MAT_DOMCMPG,MF1,KG_PER_CON_USD,3.17832
2003,EN_MAT_DOMCMPG,MF1,KG_PER_CON_USD,3.74135
2004,EN_MAT_DOMCMPG,MF1,KG_PER_CON_USD,4.55525
2005,EN_MAT_DOMCMPG,MF1,KG_PER_CON_USD,3.91087
2006,EN_MAT_DOMCMPG,MF1,KG_PER_CON_USD,4.61663
2007,EN_MAT_DOMCMPG,MF1,KG_PER_CON_USD,4.32369
2008,EN_MAT_DOMCMPG,MF1,KG_PER_CON_USD,3.83853
2009,EN_MAT_DOMCMPG,MF1,KG_PER_CON_USD,2.55079
2010,EN_MAT_DOMCMPG,MF1,KG_PER_CON_USD,2.38922
2011,EN_MAT_DOMCMPG,MF1,KG_PER_CON_USD,2.10159
2012,EN_MAT_DOMCMPG,MF1,KG_PER_CON_USD,1.91616
2013,EN_MAT_DOMCMPG,MF1,KG_PER_CON_USD,1.84492
2014,EN_MAT_DOMCMPG,MF1,KG_PER_CON_USD,1.63952
2015,EN_MAT_DOMCMPG,MF1,KG_PER_CON_USD,1.56339
2016,EN_MAT_DOMCMPG,MF1,KG_PER_CON_USD,1.55463
2017,EN_MAT_DOMCMPG,MF1,KG_PER_CON_USD,1.49962
2018,EN_MAT_DOMCMPG,MF1,KG_PER_CON_USD,1.43675
2019,EN_MAT_DOMCMPG,MF1,KG_PER_CON_USD,1.52552
2000,EN_MAT_DOMCMPG,MF11,KG_PER_CON_USD,0.65323
2001,EN_MAT_DOMCMPG,MF11,KG_PER_CON_USD,0.72788
2002,EN_MAT_DOMCMPG,MF11,KG_PER_CON_USD,0.61928
2003,EN_MAT_DOMCMPG,MF11,KG_PER_CON_USD,0.81057
2004,EN_MAT_DOMCMPG,MF11,KG_PER_CON_USD,0.99183
2005,EN_MAT_DOMCMPG,MF11,KG_PER_CON_USD,0.76458
2006,EN_MAT_DOMCMPG,MF11,KG_PER_CON_USD,1.01841
2007,EN_MAT_DOMCMPG,MF11,KG_PER_CON_USD,0.85268
2008,EN_MAT_DOMCMPG,MF11,KG_PER_CON_USD,0.70612
2009,EN_MAT_DOMCMPG,MF11,KG_PER_CON_USD,0.48576
2010,EN_MAT_DOMCMPG,MF11,KG_PER_CON_USD,0.46087
2011,EN_MAT_DOMCMPG,MF11,KG_PER_CON_USD,0.40259
2012,EN_MAT_DOMCMPG,MF11,KG_PER_CON_USD,0.3909
2013,EN_MAT_DOMCMPG,MF11,KG_PER_CON_USD,0.36756
2014,EN_MAT_DOMCMPG,MF11,KG_PER_CON_USD,0.34678
2015,EN_MAT_DOMCMPG,MF11,KG_PER_CON_USD,0.3156
2016,EN_MAT_DOMCMPG,MF11,KG_PER_CON_USD,0.33223
2017,EN_MAT_DOMCMPG,MF11,KG_PER_CON_USD,0.29822
2018,EN_MAT_DOMCMPG,MF11,KG_PER_CON_USD,0.26668
2019,EN_MAT_DOMCMPG,MF11,KG_PER_CON_USD,0.264
2000,EN_MAT_DOMCMPG,MF121,KG_PER_CON_USD,0.92571
2001,EN_MAT_DOMCMPG,MF121,KG_PER_CON_USD,0.93916
2002,EN_MAT_DOMCMPG,MF121,KG_PER_CON_USD,0.56992
2003,EN_MAT_DOMCMPG,MF121,KG_PER_CON_USD,0.84793
2004,EN_MAT_DOMCMPG,MF121,KG_PER_CON_USD,1.44338
2005,EN_MAT_DOMCMPG,MF121,KG_PER_CON_USD,0.93298
2006,EN_MAT_DOMCMPG,MF121,KG_PER_CON_USD,1.33271
2007,EN_MAT_DOMCMPG,MF121,KG_PER_CON_USD,1.10513
2008,EN_MAT_DOMCMPG,MF121,KG_PER_CON_USD,0.66309
2009,EN_MAT_DOMCMPG,MF121,KG_PER_CON_USD,0.43237
2010,EN_MAT_DOMCMPG,MF121,KG_PER_CON_USD,0.48143
2011,EN_MAT_DOMCMPG,MF121,KG_PER_CON_USD,0.38828
2012,EN_MAT_DOMCMPG,MF121,KG_PER_CON_USD,0.3908
2013,EN_MAT_DOMCMPG,MF121,KG_PER_CON_USD,0.35023
2014,EN_MAT_DOMCMPG,MF121,KG_PER_CON_USD,0.34218
2015,EN_MAT_DOMCMPG,MF121,KG_PER_CON_USD,0.24849
2016,EN_MAT_DOMCMPG,MF121,KG_PER_CON_USD,0.23055
2017,EN_MAT_DOMCMPG,MF121,KG_PER_CON_USD,0.25553
2018,EN_MAT_DOMCMPG,MF121,KG_PER_CON_USD,0.24812
2019,EN_MAT_DOMCMPG,MF121,KG_PER_CON_USD,0.25257
2000,EN_MAT_DOMCMPG,MF122,KG_PER_CON_USD,1.36148
2001,EN_MAT_DOMCMPG,MF122,KG_PER_CON_USD,1.39503
2002,EN_MAT_DOMCMPG,MF122,KG_PER_CON_USD,1.36054
2003,EN_MAT_DOMCMPG,MF122,KG_PER_CON_USD,1.40922
2004,EN_MAT_DOMCMPG,MF122,KG_PER_CON_USD,1.42116
2005,EN_MAT_DOMCMPG,MF122,KG_PER_CON_USD,1.48893
2006,EN_MAT_DOMCMPG,MF122,KG_PER_CON_USD,1.49442
2007,EN_MAT_DOMCMPG,MF122,KG_PER_CON_USD,1.5688
2008,EN_MAT_DOMCMPG,MF122,KG_PER_CON_USD,1.63605
2009,EN_MAT_DOMCMPG,MF122,KG_PER_CON_USD,1.10868
2010,EN_MAT_DOMCMPG,MF122,KG_PER_CON_USD,1.00269
2011,EN_MAT_DOMCMPG,MF122,KG_PER_CON_USD,0.91906
2012,EN_MAT_DOMCMPG,MF122,KG_PER_CON_USD,0.79593
2013,EN_MAT_DOMCMPG,MF122,KG_PER_CON_USD,0.78807
2014,EN_MAT_DOMCMPG,MF122,KG_PER_CON_USD,0.6164
2015,EN_MAT_DOMCMPG,MF122,KG_PER_CON_USD,0.66919
2016,EN_MAT_DOMCMPG,MF122,KG_PER_CON_USD,0.66137
2017,EN_MAT_DOMCMPG,MF122,KG_PER_CON_USD,0.62941
2018,EN_MAT_DOMCMPG,MF122,KG_PER_CON_USD,0.61701
2019,EN_MAT_DOMCMPG,MF122,KG_PER_CON_USD,0.6768
2000,EN_MAT_DOMCMPG,MF13,KG_PER_CON_USD,0.58343
2001,EN_MAT_DOMCMPG,MF13,KG_PER_CON_USD,0.58978
2002,EN_MAT_DOMCMPG,MF13,KG_PER_CON_USD,0.62733
2003,EN_MAT_DOMCMPG,MF13,KG_PER_CON_USD,0.67246
2004,EN_MAT_DOMCMPG,MF13,KG_PER_CON_USD,0.69745
2005,EN_MAT_DOMCMPG,MF13,KG_PER_CON_USD,0.72296
2006,EN_MAT_DOMCMPG,MF13,KG_PER_CON_USD,0.76897
2007,EN_MAT_DOMCMPG,MF13,KG_PER_CON_USD,0.79544
2008,EN_MAT_DOMCMPG,MF13,KG_PER_CON_USD,0.8313
2009,EN_MAT_DOMCMPG,MF13,KG_PER_CON_USD,0.52271
2010,EN_MAT_DOMCMPG,MF13,KG_PER_CON_USD,0.44225
2011,EN_MAT_DOMCMPG,MF13,KG_PER_CON_USD,0.38978
2012,EN_MAT_DOMCMPG,MF13,KG_PER_CON_USD,0.33667
2013,EN_MAT_DOMCMPG,MF13,KG_PER_CON_USD,0.33734
2014,EN_MAT_DOMCMPG,MF13,KG_PER_CON_USD,0.3325
2015,EN_MAT_DOMCMPG,MF13,KG_PER_CON_USD,0.32815
2016,EN_MAT_DOMCMPG,MF13,KG_PER_CON_USD,0.32823
2017,EN_MAT_DOMCMPG,MF13,KG_PER_CON_USD,0.31431
2018,EN_MAT_DOMCMPG,MF13,KG_PER_CON_USD,0.30359
2019,EN_MAT_DOMCMPG,MF13,KG_PER_CON_USD,0.33063
2000,EN_MAT_DOMCMPG,MF14,KG_PER_CON_USD,0.00247
2001,EN_MAT_DOMCMPG,MF14,KG_PER_CON_USD,0.00148
2002,EN_MAT_DOMCMPG,MF14,KG_PER_CON_USD,0.00125
2003,EN_MAT_DOMCMPG,MF14,KG_PER_CON_USD,0.00117
2004,EN_MAT_DOMCMPG,MF14,KG_PER_CON_USD,0.00144
2005,EN_MAT_DOMCMPG,MF14,KG_PER_CON_USD,0.00143
2006,EN_MAT_DOMCMPG,MF14,KG_PER_CON_USD,0.00211
2007,EN_MAT_DOMCMPG,MF14,KG_PER_CON_USD,0.00165
2008,EN_MAT_DOMCMPG,MF14,KG_PER_CON_USD,0.00197
2009,EN_MAT_DOMCMPG,MF14,KG_PER_CON_USD,0.00127
2010,EN_MAT_DOMCMPG,MF14,KG_PER_CON_USD,0.00198
2011,EN_MAT_DOMCMPG,MF14,KG_PER_CON_USD,0.00188
2012,EN_MAT_DOMCMPG,MF14,KG_PER_CON_USD,0.00186
2013,EN_MAT_DOMCMPG,MF14,KG_PER_CON_USD,0.00172
2014,EN_MAT_DOMCMPG,MF14,KG_PER_CON_USD,0.00167
2015,EN_MAT_DOMCMPG,MF14,KG_PER_CON_USD,0.00196
2016,EN_MAT_DOMCMPG,MF14,KG_PER_CON_USD,0.00225
2017,EN_MAT_DOMCMPG,MF14,KG_PER_CON_USD,0.00215
2018,EN_MAT_DOMCMPG,MF14,KG_PER_CON_USD,0.00136
2019,EN_MAT_DOMCMPG,MF14,KG_PER_CON_USD,0.00152
2000,EN_MAT_DOMCMPG,MF2,KG_PER_CON_USD,1.14086
2001,EN_MAT_DOMCMPG,MF2,KG_PER_CON_USD,1.09108
2002,EN_MAT_DOMCMPG,MF2,KG_PER_CON_USD,1.21607
2003,EN_MAT_DOMCMPG,MF2,KG_PER_CON_USD,1.30281
2004,EN_MAT_DOMCMPG,MF2,KG_PER_CON_USD,1.77937
2005,EN_MAT_DOMCMPG,MF2,KG_PER_CON_USD,1.53067
2006,EN_MAT_DOMCMPG,MF2,KG_PER_CON_USD,1.42409
2007,EN_MAT_DOMCMPG,MF2,KG_PER_CON_USD,1.21409
2008,EN_MAT_DOMCMPG,MF2,KG_PER_CON_USD,1.02426
2009,EN_MAT_DOMCMPG,MF2,KG_PER_CON_USD,0.72865
2010,EN_MAT_DOMCMPG,MF2,KG_PER_CON_USD,0.63433
2011,EN_MAT_DOMCMPG,MF2,KG_PER_CON_USD,1.01215
2012,EN_MAT_DOMCMPG,MF2,KG_PER_CON_USD,0.88601
2013,EN_MAT_DOMCMPG,MF2,KG_PER_CON_USD,1.00653
2014,EN_MAT_DOMCMPG,MF2,KG_PER_CON_USD,1.03417
2015,EN_MAT_DOMCMPG,MF2,KG_PER_CON_USD,1.10472
2016,EN_MAT_DOMCMPG,MF2,KG_PER_CON_USD,1.25692
2017,EN_MAT_DOMCMPG,MF2,KG_PER_CON_USD,1.24042
2018,EN_MAT_DOMCMPG,MF2,KG_PER_CON_USD,1.36996
2019,EN_MAT_DOMCMPG,MF2,KG_PER_CON_USD,1.56993
2000,EN_MAT_DOMCMPG,MF21,KG_PER_CON_USD,0.02983
2001,EN_MAT_DOMCMPG,MF21,KG_PER_CON_USD,0.02002
2002,EN_MAT_DOMCMPG,MF21,KG_PER_CON_USD,-0.0385
2003,EN_MAT_DOMCMPG,MF21,KG_PER_CON_USD,0.02627
2004,EN_MAT_DOMCMPG,MF21,KG_PER_CON_USD,-0.01085
2005,EN_MAT_DOMCMPG,MF21,KG_PER_CON_USD,-0.00422
2006,EN_MAT_DOMCMPG,MF21,KG_PER_CON_USD,0.00789
2007,EN_MAT_DOMCMPG,MF21,KG_PER_CON_USD,0.00257
2008,EN_MAT_DOMCMPG,MF21,KG_PER_CON_USD,0.00259
2009,EN_MAT_DOMCMPG,MF21,KG_PER_CON_USD,0.00187
2010,EN_MAT_DOMCMPG,MF21,KG_PER_CON_USD,-0.00739
2011,EN_MAT_DOMCMPG,MF21,KG_PER_CON_USD,0.00287
2012,EN_MAT_DOMCMPG,MF21,KG_PER_CON_USD,0.0019
2013,EN_MAT_DOMCMPG,MF21,KG_PER_CON_USD,-0.00166
2014,EN_MAT_DOMCMPG,MF21,KG_PER_CON_USD,-0.00722
2015,EN_MAT_DOMCMPG,MF21,KG_PER_CON_USD,4e-05
2016,EN_MAT_DOMCMPG,MF21,KG_PER_CON_USD,0.00232
2017,EN_MAT_DOMCMPG,MF21,KG_PER_CON_USD,-0.00712
2018,EN_MAT_DOMCMPG,MF21,KG_PER_CON_USD,-0.00997
2019,EN_MAT_DOMCMPG,MF21,KG_PER_CON_USD,-0.01086
2000,EN_MAT_DOMCMPG,MF22,KG_PER_CON_USD,1.11102
2001,EN_MAT_DOMCMPG,MF22,KG_PER_CON_USD,1.07105
2002,EN_MAT_DOMCMPG,MF22,KG_PER_CON_USD,1.25456
2003,EN_MAT_DOMCMPG,MF22,KG_PER_CON_USD,1.27653
2004,EN_MAT_DOMCMPG,MF22,KG_PER_CON_USD,1.79022
2005,EN_MAT_DOMCMPG,MF22,KG_PER_CON_USD,1.53489
2006,EN_MAT_DOMCMPG,MF22,KG_PER_CON_USD,1.4162
2007,EN_MAT_DOMCMPG,MF22,KG_PER_CON_USD,1.21152
2008,EN_MAT_DOMCMPG,MF22,KG_PER_CON_USD,1.02167
2009,EN_MAT_DOMCMPG,MF22,KG_PER_CON_USD,0.72678
2010,EN_MAT_DOMCMPG,MF22,KG_PER_CON_USD,0.64172
2011,EN_MAT_DOMCMPG,MF22,KG_PER_CON_USD,1.00928
2012,EN_MAT_DOMCMPG,MF22,KG_PER_CON_USD,0.88411
2013,EN_MAT_DOMCMPG,MF22,KG_PER_CON_USD,1.0082
2014,EN_MAT_DOMCMPG,MF22,KG_PER_CON_USD,1.04139
2015,EN_MAT_DOMCMPG,MF22,KG_PER_CON_USD,1.10468
2016,EN_MAT_DOMCMPG,MF22,KG_PER_CON_USD,1.2546
2017,EN_MAT_DOMCMPG,MF22,KG_PER_CON_USD,1.24754
2018,EN_MAT_DOMCMPG,MF22,KG_PER_CON_USD,1.37992
2019,EN_MAT_DOMCMPG,MF22,KG_PER_CON_USD,1.58079
2000,EN_MAT_DOMCMPG,MF3,KG_PER_CON_USD,0.79033
2001,EN_MAT_DOMCMPG,MF3,KG_PER_CON_USD,0.8131
2002,EN_MAT_DOMCMPG,MF3,KG_PER_CON_USD,1.38405
2003,EN_MAT_DOMCMPG,MF3,KG_PER_CON_USD,0.62439
2004,EN_MAT_DOMCMPG,MF3,KG_PER_CON_USD,0.26288
2005,EN_MAT_DOMCMPG,MF3,KG_PER_CON_USD,0.46927
2006,EN_MAT_DOMCMPG,MF3,KG_PER_CON_USD,0.37168
2007,EN_MAT_DOMCMPG,MF3,KG_PER_CON_USD,0.12723
2008,EN_MAT_DOMCMPG,MF3,KG_PER_CON_USD,0.2661
2009,EN_MAT_DOMCMPG,MF3,KG_PER_CON_USD,0.33312
2010,EN_MAT_DOMCMPG,MF3,KG_PER_CON_USD,0.60811
2011,EN_MAT_DOMCMPG,MF3,KG_PER_CON_USD,0.62841
2012,EN_MAT_DOMCMPG,MF3,KG_PER_CON_USD,0.8214
2013,EN_MAT_DOMCMPG,MF3,KG_PER_CON_USD,0.62897
2014,EN_MAT_DOMCMPG,MF3,KG_PER_CON_USD,0.53679
2015,EN_MAT_DOMCMPG,MF3,KG_PER_CON_USD,0.59739
2016,EN_MAT_DOMCMPG,MF3,KG_PER_CON_USD,0.64879
2017,EN_MAT_DOMCMPG,MF3,KG_PER_CON_USD,0.63507
2018,EN_MAT_DOMCMPG,MF3,KG_PER_CON_USD,0.6193
2019,EN_MAT_DOMCMPG,MF3,KG_PER_CON_USD,0.71807
2000,EN_MAT_DOMCMPG,MF4,KG_PER_CON_USD,0.43417
2001,EN_MAT_DOMCMPG,MF4,KG_PER_CON_USD,0.44121
2002,EN_MAT_DOMCMPG,MF4,KG_PER_CON_USD,0.42751
2003,EN_MAT_DOMCMPG,MF4,KG_PER_CON_USD,0.38372
2004,EN_MAT_DOMCMPG,MF4,KG_PER_CON_USD,0.37527
2005,EN_MAT_DOMCMPG,MF4,KG_PER_CON_USD,0.44179
2006,EN_MAT_DOMCMPG,MF4,KG_PER_CON_USD,0.44256
2007,EN_MAT_DOMCMPG,MF4,KG_PER_CON_USD,0.44087
2008,EN_MAT_DOMCMPG,MF4,KG_PER_CON_USD,0.34921
2009,EN_MAT_DOMCMPG,MF4,KG_PER_CON_USD,0.22398
2010,EN_MAT_DOMCMPG,MF4,KG_PER_CON_USD,0.20158
2011,EN_MAT_DOMCMPG,MF4,KG_PER_CON_USD,0.17721
2012,EN_MAT_DOMCMPG,MF4,KG_PER_CON_USD,0.16076
2013,EN_MAT_DOMCMPG,MF4,KG_PER_CON_USD,0.16034
2014,EN_MAT_DOMCMPG,MF4,KG_PER_CON_USD,0.29663
2015,EN_MAT_DOMCMPG,MF4,KG_PER_CON_USD,0.21866
2016,EN_MAT_DOMCMPG,MF4,KG_PER_CON_USD,0.08075
2017,EN_MAT_DOMCMPG,MF4,KG_PER_CON_USD,0.13606
2018,EN_MAT_DOMCMPG,MF4,KG_PER_CON_USD,0.14715
2019,EN_MAT_DOMCMPG,MF4,KG_PER_CON_USD,0.16063
2000,EN_MAT_DOMCMPG,MF41,KG_PER_CON_USD,0.43417
2001,EN_MAT_DOMCMPG,MF41,KG_PER_CON_USD,0.44121
2002,EN_MAT_DOMCMPG,MF41,KG_PER_CON_USD,0.42751
2003,EN_MAT_DOMCMPG,MF41,KG_PER_CON_USD,0.38372
2004,EN_MAT_DOMCMPG,MF41,KG_PER_CON_USD,0.37527
2005,EN_MAT_DOMCMPG,MF41,KG_PER_CON_USD,0.44179
2006,EN_MAT_DOMCMPG,MF41,KG_PER_CON_USD,0.44256
2007,EN_MAT_DOMCMPG,MF41,KG_PER_CON_USD,0.44087
2008,EN_MAT_DOMCMPG,MF41,KG_PER_CON_USD,0.34921
2009,EN_MAT_DOMCMPG,MF41,KG_PER_CON_USD,0.22398
2010,EN_MAT_DOMCMPG,MF41,KG_PER_CON_USD,0.20158
2011,EN_MAT_DOMCMPG,MF41,KG_PER_CON_USD,0.17721
2012,EN_MAT_DOMCMPG,MF41,KG_PER_CON_USD,0.16076
2013,EN_MAT_DOMCMPG,MF41,KG_PER_CON_USD,0.16034
2014,EN_MAT_DOMCMPG,MF41,KG_PER_CON_USD,0.29663
2015,EN_MAT_DOMCMPG,MF41,KG_PER_CON_USD,0.21866
2016,EN_MAT_DOMCMPG,MF41,KG_PER_CON_USD,0.08075
2017,EN_MAT_DOMCMPG,MF41,KG_PER_CON_USD,0.13606
2018,EN_MAT_DOMCMPG,MF41,KG_PER_CON_USD,0.14715
2019,EN_MAT_DOMCMPG,MF41,KG_PER_CON_USD,0.16063
2000,EN_MAT_DOMCMPG,MF413,KG_PER_CON_USD,0.0
2001,EN_MAT_DOMCMPG,MF413,KG_PER_CON_USD,0.0
2002,EN_MAT_DOMCMPG,MF413,KG_PER_CON_USD,0.0
2003,EN_MAT_DOMCMPG,MF413,KG_PER_CON_USD,0.0
2004,EN_MAT_DOMCMPG,MF413,KG_PER_CON_USD,0.0
2005,EN_MAT_DOMCMPG,MF413,KG_PER_CON_USD,0.0
2006,EN_MAT_DOMCMPG,MF413,KG_PER_CON_USD,0.0
2007,EN_MAT_DOMCMPG,MF413,KG_PER_CON_USD,0.0
2008,EN_MAT_DOMCMPG,MF413,KG_PER_CON_USD,0.0
2009,EN_MAT_DOMCMPG,MF413,KG_PER_CON_USD,0.0
2010,EN_MAT_DOMCMPG,MF413,KG_PER_CON_USD,0.0
2011,EN_MAT_DOMCMPG,MF413,KG_PER_CON_USD,0.0
2012,EN_MAT_DOMCMPG,MF413,KG_PER_CON_USD,0.0
2013,EN_MAT_DOMCMPG,MF413,KG_PER_CON_USD,0.0
2014,EN_MAT_DOMCMPG,MF413,KG_PER_CON_USD,0.0
2015,EN_MAT_DOMCMPG,MF413,KG_PER_CON_USD,0.0
2016,EN_MAT_DOMCMPG,MF413,KG_PER_CON_USD,0.0
2017,EN_MAT_DOMCMPG,MF413,KG_PER_CON_USD,0.0
2018,EN_MAT_DOMCMPG,MF413,KG_PER_CON_USD,0.0
2019,EN_MAT_DOMCMPG,MF413,KG_PER_CON_USD,0.0
2000,EN_MAT_DOMCMPG,MF421,KG_PER_CON_USD,0.0
2001,EN_MAT_DOMCMPG,MF421,KG_PER_CON_USD,0.0
2002,EN_MAT_DOMCMPG,MF421,KG_PER_CON_USD,0.0
2003,EN_MAT_DOMCMPG,MF421,KG_PER_CON_USD,0.0
2004,EN_MAT_DOMCMPG,MF421,KG_PER_CON_USD,0.0
2005,EN_MAT_DOMCMPG,MF421,KG_PER_CON_USD,0.0
2006,EN_MAT_DOMCMPG,MF421,KG_PER_CON_USD,0.0
2007,EN_MAT_DOMCMPG,MF421,KG_PER_CON_USD,0.0
2008,EN_MAT_DOMCMPG,MF421,KG_PER_CON_USD,0.0
2009,EN_MAT_DOMCMPG,MF421,KG_PER_CON_USD,0.0
2010,EN_MAT_DOMCMPG,MF421,KG_PER_CON_USD,0.0
2011,EN_MAT_DOMCMPG,MF421,KG_PER_CON_USD,0.0
2012,EN_MAT_DOMCMPG,MF421,KG_PER_CON_USD,0.0
2013,EN_MAT_DOMCMPG,MF421,KG_PER_CON_USD,0.0
2014,EN_MAT_DOMCMPG,MF421,KG_PER_CON_USD,0.0
2015,EN_MAT_DOMCMPG,MF421,KG_PER_CON_USD,0.0
2016,EN_MAT_DOMCMPG,MF421,KG_PER_CON_USD,0.0
2017,EN_MAT_DOMCMPG,MF421,KG_PER_CON_USD,0.0
2018,EN_MAT_DOMCMPG,MF421,KG_PER_CON_USD,0.0
2019,EN_MAT_DOMCMPG,MF421,KG_PER_CON_USD,0.0
2000,EN_MAT_DOMCMPG,MF422,KG_PER_CON_USD,0.0
2001,EN_MAT_DOMCMPG,MF422,KG_PER_CON_USD,0.0
2002,EN_MAT_DOMCMPG,MF422,KG_PER_CON_USD,0.0
2003,EN_MAT_DOMCMPG,MF422,KG_PER_CON_USD,0.0
2004,EN_MAT_DOMCMPG,MF422,KG_PER_CON_USD,0.0
2005,EN_MAT_DOMCMPG,MF422,KG_PER_CON_USD,0.0
2006,EN_MAT_DOMCMPG,MF422,KG_PER_CON_USD,0.0
2007,EN_MAT_DOMCMPG,MF422,KG_PER_CON_USD,0.0
2008,EN_MAT_DOMCMPG,MF422,KG_PER_CON_USD,0.0
2009,EN_MAT_DOMCMPG,MF422,KG_PER_CON_USD,0.0
2010,EN_MAT_DOMCMPG,MF422,KG_PER_CON_USD,0.0
2011,EN_MAT_DOMCMPG,MF422,KG_PER_CON_USD,0.0
2012,EN_MAT_DOMCMPG,MF422,KG_PER_CON_USD,0.0
2013,EN_MAT_DOMCMPG,MF422,KG_PER_CON_USD,0.0
2014,EN_MAT_DOMCMPG,MF422,KG_PER_CON_USD,0.0
2015,EN_MAT_DOMCMPG,MF422,KG_PER_CON_USD,0.0
2016,EN_MAT_DOMCMPG,MF422,KG_PER_CON_USD,0.0
2017,EN_MAT_DOMCMPG,MF422,KG_PER_CON_USD,0.0
2018,EN_MAT_DOMCMPG,MF422,KG_PER_CON_USD,0.0
2019,EN_MAT_DOMCMPG,MF422,KG_PER_CON_USD,0.0
2000,EN_MAT_DOMCMPT,,T,61803969.47468
2001,EN_MAT_DOMCMPT,,T,63415730.98425
2002,EN_MAT_DOMCMPT,,T,61682542.53734
2003,EN_MAT_DOMCMPT,,T,55823334.4678
2004,EN_MAT_DOMCMPT,,T,61513908.84728
2005,EN_MAT_DOMCMPT,,T,54596049.15041
2006,EN_MAT_DOMCMPT,,T,55620332.32121
2007,EN_MAT_DOMCMPT,,T,48386420.77525
2008,EN_MAT_DOMCMPT,,T,41495754.13634
2009,EN_MAT_DOMCMPT,,T,46488545.90333
2010,EN_MAT_DOMCMPT,,T,56371267.71768
2011,EN_MAT_DOMCMPT,,T,66132886.90696
2012,EN_MAT_DOMCMPT,,T,74050706.46381
2013,EN_MAT_DOMCMPT,,T,71915267.93258
2014,EN_MAT_DOMCMPT,,T,71804579.17298
2015,EN_MAT_DOMCMPT,,T,72743447.22532
2016,EN_MAT_DOMCMPT,,T,74350140.88358
2017,EN_MAT_DOMCMPT,,T,76841586.54233
2018,EN_MAT_DOMCMPT,,T,83194372.15067
2019,EN_MAT_DOMCMPT,,T,84286171.7571
2000,EN_MAT_DOMCMPT,MF_AGG3A,T,7402158.0982
2001,EN_MAT_DOMCMPT,MF_AGG3A,T,7814614.015
2002,EN_MAT_DOMCMPT,MF_AGG3A,T,6299753.611
2003,EN_MAT_DOMCMPT,MF_AGG3A,T,2813456.21125
2004,EN_MAT_DOMCMPT,MF_AGG3A,T,2020500.0608
2005,EN_MAT_DOMCMPT,MF_AGG3A,T,3226366.88015
2006,EN_MAT_DOMCMPT,MF_AGG3A,T,1877242.39135
2007,EN_MAT_DOMCMPT,MF_AGG3A,T,136868.708
2008,EN_MAT_DOMCMPT,MF_AGG3A,T,1236192.12485
2009,EN_MAT_DOMCMPT,MF_AGG3A,T,3286412.7811
2010,EN_MAT_DOMCMPT,MF_AGG3A,T,4609662.78405
2011,EN_MAT_DOMCMPT,MF_AGG3A,T,6219433.19205
2012,EN_MAT_DOMCMPT,MF_AGG3A,T,9685364.82781
2013,EN_MAT_DOMCMPT,MF_AGG3A,T,7275652.17867
2014,EN_MAT_DOMCMPT,MF_AGG3A,T,8071245.31502
2015,EN_MAT_DOMCMPT,MF_AGG3A,T,10140381.07366
2016,EN_MAT_DOMCMPT,MF_AGG3A,T,11898857.16252
2017,EN_MAT_DOMCMPT,MF_AGG3A,T,11906090.60209
2018,EN_MAT_DOMCMPT,MF_AGG3A,T,12142196.22775
2019,EN_MAT_DOMCMPT,MF_AGG3A,T,12952126.86253
2000,EN_MAT_DOMCMPT,MF_AGG3B,T,781948.80513
2001,EN_MAT_DOMCMPT,MF_AGG3B,T,589037.28139
2002,EN_MAT_DOMCMPT,MF_AGG3B,T,7155260.94636
2003,EN_MAT_DOMCMPT,MF_AGG3B,T,2803610.85359
2004,EN_MAT_DOMCMPT,MF_AGG3B,T,258206.106
2005,EN_MAT_DOMCMPT,MF_AGG3B,T,676136.74482
2006,EN_MAT_DOMCMPT,MF_AGG3B,T,1101738.50381
2007,EN_MAT_DOMCMPT,MF_AGG3B,T,849569.1879
2008,EN_MAT_DOMCMPT,MF_AGG3B,T,729052.858
2009,EN_MAT_DOMCMPT,MF_AGG3B,T,638399.76737
2010,EN_MAT_DOMCMPT,MF_AGG3B,T,3964827.02033
2011,EN_MAT_DOMCMPT,MF_AGG3B,T,3898896.96223
2012,EN_MAT_DOMCMPT,MF_AGG3B,T,5744628.60472
2013,EN_MAT_DOMCMPT,MF_AGG3B,T,4774585.76232
2014,EN_MAT_DOMCMPT,MF_AGG3B,T,2457326.68225
2015,EN_MAT_DOMCMPT,MF_AGG3B,T,1785417.36032
2016,EN_MAT_DOMCMPT,MF_AGG3B,T,1150818.61606
2017,EN_MAT_DOMCMPT,MF_AGG3B,T,1468596.7799
2018,EN_MAT_DOMCMPT,MF_AGG3B,T,1530284.95287
2019,EN_MAT_DOMCMPT,MF_AGG3B,T,1616823.93213
2000,EN_MAT_DOMCMPT,MF1,T,36516318.27
2001,EN_MAT_DOMCMPT,MF1,T,37758311.26
2002,EN_MAT_DOMCMPT,MF1,T,30897918.34
2003,EN_MAT_DOMCMPT,MF1,T,33657492.85
2004,EN_MAT_DOMCMPT,MF1,T,39486682.66
2005,EN_MAT_DOMCMPT,MF1,T,32523556.96
2006,EN_MAT_DOMCMPT,MF1,T,37001357.36
2007,EN_MAT_DOMCMPT,MF1,T,33521287.25
2008,EN_MAT_DOMCMPT,MF1,T,28348801.06
2009,EN_MAT_DOMCMPT,MF1,T,30053419.16
2010,EN_MAT_DOMCMPT,MF1,T,33688396.06
2011,EN_MAT_DOMCMPT,MF1,T,33838786.16
2012,EN_MAT_DOMCMPT,MF1,T,35994919.15
2013,EN_MAT_DOMCMPT,MF1,T,35346089.43
2014,EN_MAT_DOMCMPT,MF1,T,32157667.07
2015,EN_MAT_DOMCMPT,MF1,T,31210227.03
2016,EN_MAT_DOMCMPT,MF1,T,31269807.60667
2017,EN_MAT_DOMCMPT,MF1,T,31582315.67335
2018,EN_MAT_DOMCMPT,MF1,T,31719551.96002
2019,EN_MAT_DOMCMPT,MF1,T,30951274.81044
2000,EN_MAT_DOMCMPT,MF11,T,6764472.0
2001,EN_MAT_DOMCMPT,MF11,T,7522858.0
2002,EN_MAT_DOMCMPT,MF11,T,6020340.0
2003,EN_MAT_DOMCMPT,MF11,T,7291942.0
2004,EN_MAT_DOMCMPT,MF11,T,8597528.0
2005,EN_MAT_DOMCMPT,MF11,T,6358368.0
2006,EN_MAT_DOMCMPT,MF11,T,8162361.0
2007,EN_MAT_DOMCMPT,MF11,T,6610738.0
2008,EN_MAT_DOMCMPT,MF11,T,5214925.0
2009,EN_MAT_DOMCMPT,MF11,T,5723283.0
2010,EN_MAT_DOMCMPT,MF11,T,6498357.0
2011,EN_MAT_DOMCMPT,MF11,T,6482295.0
2012,EN_MAT_DOMCMPT,MF11,T,7343098.0
2013,EN_MAT_DOMCMPT,MF11,T,7041953.0
2014,EN_MAT_DOMCMPT,MF11,T,6801833.0
2015,EN_MAT_DOMCMPT,MF11,T,6300401.0
2016,EN_MAT_DOMCMPT,MF11,T,6682522.0
2017,EN_MAT_DOMCMPT,MF11,T,6280652.0
2018,EN_MAT_DOMCMPT,MF11,T,5887479.0
2019,EN_MAT_DOMCMPT,MF11,T,5356308.90231
2000,EN_MAT_DOMCMPT,MF121,T,9586025.27
2001,EN_MAT_DOMCMPT,MF121,T,9706496.26
2002,EN_MAT_DOMCMPT,MF121,T,5540437.34
2003,EN_MAT_DOMCMPT,MF121,T,7628076.85
2004,EN_MAT_DOMCMPT,MF121,T,12511740.78
2005,EN_MAT_DOMCMPT,MF121,T,7758794.08
2006,EN_MAT_DOMCMPT,MF121,T,10681452.0
2007,EN_MAT_DOMCMPT,MF121,T,8568010.37
2008,EN_MAT_DOMCMPT,MF121,T,4897154.32
2009,EN_MAT_DOMCMPT,MF121,T,5094161.52
2010,EN_MAT_DOMCMPT,MF121,T,6788273.98
2011,EN_MAT_DOMCMPT,MF121,T,6251906.82
2012,EN_MAT_DOMCMPT,MF121,T,7341153.67
2013,EN_MAT_DOMCMPT,MF121,T,6709855.07
2014,EN_MAT_DOMCMPT,MF121,T,6711457.73
2015,EN_MAT_DOMCMPT,MF121,T,4960602.89
2016,EN_MAT_DOMCMPT,MF121,T,4637288.48
2017,EN_MAT_DOMCMPT,MF121,T,5381467.72
2018,EN_MAT_DOMCMPT,MF121,T,5477731.52
2019,EN_MAT_DOMCMPT,MF121,T,5124436.90043
2000,EN_MAT_DOMCMPT,MF122,T,14098602.0
2001,EN_MAT_DOMCMPT,MF122,T,14418060.0
2002,EN_MAT_DOMCMPT,MF122,T,13226424.0
2003,EN_MAT_DOMCMPT,MF122,T,12677457.0
2004,EN_MAT_DOMCMPT,MF122,T,12319178.0
2005,EN_MAT_DOMCMPT,MF122,T,12382196.0
2006,EN_MAT_DOMCMPT,MF122,T,11977496.0
2007,EN_MAT_DOMCMPT,MF122,T,12162805.0
2008,EN_MAT_DOMCMPT,MF122,T,12082744.9
2009,EN_MAT_DOMCMPT,MF122,T,13062435.0
2010,EN_MAT_DOMCMPT,MF122,T,14138134.6
2011,EN_MAT_DOMCMPT,MF122,T,14798326.9
2012,EN_MAT_DOMCMPT,MF122,T,14951475.0
2013,EN_MAT_DOMCMPT,MF122,T,15098333.0
2014,EN_MAT_DOMCMPT,MF122,T,12090115.9
2015,EN_MAT_DOMCMPT,MF122,T,13359198.5
2016,EN_MAT_DOMCMPT,MF122,T,13302720.64667
2017,EN_MAT_DOMCMPT,MF122,T,13255394.99335
2018,EN_MAT_DOMCMPT,MF122,T,13622002.64002
2019,EN_MAT_DOMCMPT,MF122,T,13731560.6942
2000,EN_MAT_DOMCMPT,MF13,T,6041616.0
2001,EN_MAT_DOMCMPT,MF13,T,6095588.0
2002,EN_MAT_DOMCMPT,MF13,T,6098604.0
2003,EN_MAT_DOMCMPT,MF13,T,6049516.0
2004,EN_MAT_DOMCMPT,MF13,T,6045767.88
2005,EN_MAT_DOMCMPT,MF13,T,6012303.88
2006,EN_MAT_DOMCMPT,MF13,T,6163156.36
2007,EN_MAT_DOMCMPT,MF13,T,6166969.88
2008,EN_MAT_DOMCMPT,MF13,T,6139448.84
2009,EN_MAT_DOMCMPT,MF13,T,6158561.64
2010,EN_MAT_DOMCMPT,MF13,T,6235742.48
2011,EN_MAT_DOMCMPT,MF13,T,6276065.44
2012,EN_MAT_DOMCMPT,MF13,T,6324319.48
2013,EN_MAT_DOMCMPT,MF13,T,6463056.36
2014,EN_MAT_DOMCMPT,MF13,T,6521576.44
2015,EN_MAT_DOMCMPT,MF13,T,6550881.64
2016,EN_MAT_DOMCMPT,MF13,T,6602094.48
2017,EN_MAT_DOMCMPT,MF13,T,6619428.96
2018,EN_MAT_DOMCMPT,MF13,T,6702382.8
2019,EN_MAT_DOMCMPT,MF13,T,6708152.11171
2000,EN_MAT_DOMCMPT,MF14,T,25603.0
2001,EN_MAT_DOMCMPT,MF14,T,15309.0
2002,EN_MAT_DOMCMPT,MF14,T,12113.0
2003,EN_MAT_DOMCMPT,MF14,T,10501.0
2004,EN_MAT_DOMCMPT,MF14,T,12468.0
2005,EN_MAT_DOMCMPT,MF14,T,11895.0
2006,EN_MAT_DOMCMPT,MF14,T,16892.0
2007,EN_MAT_DOMCMPT,MF14,T,12764.0
2008,EN_MAT_DOMCMPT,MF14,T,14528.0
2009,EN_MAT_DOMCMPT,MF14,T,14978.0
2010,EN_MAT_DOMCMPT,MF14,T,27888.0
2011,EN_MAT_DOMCMPT,MF14,T,30192.0
2012,EN_MAT_DOMCMPT,MF14,T,34873.0
2013,EN_MAT_DOMCMPT,MF14,T,32892.0
2014,EN_MAT_DOMCMPT,MF14,T,32684.0
2015,EN_MAT_DOMCMPT,MF14,T,39143.0
2016,EN_MAT_DOMCMPT,MF14,T,45182.0
2017,EN_MAT_DOMCMPT,MF14,T,45372.0
2018,EN_MAT_DOMCMPT,MF14,T,29956.0
2019,EN_MAT_DOMCMPT,MF14,T,30816.2018
2000,EN_MAT_DOMCMPT,MF2,T,11813979.47935
2001,EN_MAT_DOMCMPT,MF2,T,11276591.54287
2002,EN_MAT_DOMCMPT,MF2,T,11821973.20999
2003,EN_MAT_DOMCMPT,MF2,T,11720158.24196
2004,EN_MAT_DOMCMPT,MF2,T,15424286.33448
2005,EN_MAT_DOMCMPT,MF2,T,12729312.19045
2006,EN_MAT_DOMCMPT,MF2,T,11413777.83206
2007,EN_MAT_DOMCMPT,MF2,T,9412761.60535
2008,EN_MAT_DOMCMPT,MF2,T,7564522.32349
2009,EN_MAT_DOMCMPT,MF2,T,8584942.30086
2010,EN_MAT_DOMCMPT,MF2,T,8944135.1603
2011,EN_MAT_DOMCMPT,MF2,T,16297151.27069
2012,EN_MAT_DOMCMPT,MF2,T,16643626.46728
2013,EN_MAT_DOMCMPT,MF2,T,19283804.16958
2014,EN_MAT_DOMCMPT,MF2,T,20284236.81271
2015,EN_MAT_DOMCMPT,MF2,T,22053619.40234
2016,EN_MAT_DOMCMPT,MF2,T,25281770.43533
2017,EN_MAT_DOMCMPT,MF2,T,26123493.441
2018,EN_MAT_DOMCMPT,MF2,T,30244985.31802
2019,EN_MAT_DOMCMPT,MF2,T,31852497.80232
2000,EN_MAT_DOMCMPT,MF21,T,308941.19
2001,EN_MAT_DOMCMPT,MF21,T,206922.54
2002,EN_MAT_DOMCMPT,MF21,T,-374236.197
2003,EN_MAT_DOMCMPT,MF21,T,236368.169
2004,EN_MAT_DOMCMPT,MF21,T,-94039.671
2005,EN_MAT_DOMCMPT,MF21,T,-35083.652
2006,EN_MAT_DOMCMPT,MF21,T,63199.359
2007,EN_MAT_DOMCMPT,MF21,T,19913.491
2008,EN_MAT_DOMCMPT,MF21,T,19114.697
2009,EN_MAT_DOMCMPT,MF21,T,22016.991
2010,EN_MAT_DOMCMPT,MF21,T,-104147.813
2011,EN_MAT_DOMCMPT,MF21,T,46251.218
2012,EN_MAT_DOMCMPT,MF21,T,35772.12
2013,EN_MAT_DOMCMPT,MF21,T,-31835.334
2014,EN_MAT_DOMCMPT,MF21,T,-141565.849
2015,EN_MAT_DOMCMPT,MF21,T,718.402
2016,EN_MAT_DOMCMPT,MF21,T,46631.893
2017,EN_MAT_DOMCMPT,MF21,T,-149955.817
2018,EN_MAT_DOMCMPT,MF21,T,-220046.032
2019,EN_MAT_DOMCMPT,MF21,T,-220258.27
2000,EN_MAT_DOMCMPT,MF22,T,11505038.28935
2001,EN_MAT_DOMCMPT,MF22,T,11069669.00287
2002,EN_MAT_DOMCMPT,MF22,T,12196209.40699
2003,EN_MAT_DOMCMPT,MF22,T,11483790.07296
2004,EN_MAT_DOMCMPT,MF22,T,15518326.00548
2005,EN_MAT_DOMCMPT,MF22,T,12764395.84245
2006,EN_MAT_DOMCMPT,MF22,T,11350578.47306
2007,EN_MAT_DOMCMPT,MF22,T,9392848.11435
2008,EN_MAT_DOMCMPT,MF22,T,7545407.62649
2009,EN_MAT_DOMCMPT,MF22,T,8562925.30986
2010,EN_MAT_DOMCMPT,MF22,T,9048282.9733
2011,EN_MAT_DOMCMPT,MF22,T,16250900.05269
2012,EN_MAT_DOMCMPT,MF22,T,16607854.34728
2013,EN_MAT_DOMCMPT,MF22,T,19315639.50358
2014,EN_MAT_DOMCMPT,MF22,T,20425802.66171
2015,EN_MAT_DOMCMPT,MF22,T,22052901.00034
2016,EN_MAT_DOMCMPT,MF22,T,25235138.54233
2017,EN_MAT_DOMCMPT,MF22,T,26273449.258
2018,EN_MAT_DOMCMPT,MF22,T,30465031.35002
2019,EN_MAT_DOMCMPT,MF22,T,32072756.07232
2000,EN_MAT_DOMCMPT,MF3,T,8184106.90333
2001,EN_MAT_DOMCMPT,MF3,T,8403651.29639
2002,EN_MAT_DOMCMPT,MF3,T,13455014.55736
2003,EN_MAT_DOMCMPT,MF3,T,5617067.06484
2004,EN_MAT_DOMCMPT,MF3,T,2278706.1668
2005,EN_MAT_DOMCMPT,MF3,T,3902503.62497
2006,EN_MAT_DOMCMPT,MF3,T,2978980.89516
2007,EN_MAT_DOMCMPT,MF3,T,986437.8959
2008,EN_MAT_DOMCMPT,MF3,T,1965244.98285
2009,EN_MAT_DOMCMPT,MF3,T,3924812.54847
2010,EN_MAT_DOMCMPT,MF3,T,8574489.80438
2011,EN_MAT_DOMCMPT,MF3,T,10118330.15428
2012,EN_MAT_DOMCMPT,MF3,T,15429993.43253
2013,EN_MAT_DOMCMPT,MF3,T,12050237.94099
2014,EN_MAT_DOMCMPT,MF3,T,10528571.99727
2015,EN_MAT_DOMCMPT,MF3,T,11925798.43398
2016,EN_MAT_DOMCMPT,MF3,T,13049675.77857
2017,EN_MAT_DOMCMPT,MF3,T,13374687.38198
2018,EN_MAT_DOMCMPT,MF3,T,13672481.18063
2019,EN_MAT_DOMCMPT,MF3,T,14568950.79466
2000,EN_MAT_DOMCMPT,MF4,T,4496000.0
2001,EN_MAT_DOMCMPT,MF4,T,4560000.0
2002,EN_MAT_DOMCMPT,MF4,T,4156000.0
2003,EN_MAT_DOMCMPT,MF4,T,3452000.0
2004,EN_MAT_DOMCMPT,MF4,T,3253000.0
2005,EN_MAT_DOMCMPT,MF4,T,3674000.0
2006,EN_MAT_DOMCMPT,MF4,T,3547000.0
2007,EN_MAT_DOMCMPT,MF4,T,3418000.0
2008,EN_MAT_DOMCMPT,MF4,T,2579000.0
2009,EN_MAT_DOMCMPT,MF4,T,2638900.0
2010,EN_MAT_DOMCMPT,MF4,T,2842300.0
2011,EN_MAT_DOMCMPT,MF4,T,2853400.0
2012,EN_MAT_DOMCMPT,MF4,T,3019900.0
2013,EN_MAT_DOMCMPT,MF4,T,3071900.0
2014,EN_MAT_DOMCMPT,MF4,T,5818200.0
2015,EN_MAT_DOMCMPT,MF4,T,4365200.0
2016,EN_MAT_DOMCMPT,MF4,T,1624200.0
2017,EN_MAT_DOMCMPT,MF4,T,2865400.0
2018,EN_MAT_DOMCMPT,MF4,T,3248700.0
2019,EN_MAT_DOMCMPT,MF4,T,3259053.66545
2000,EN_MAT_DOMCMPT,MF41,T,4496000.0
2001,EN_MAT_DOMCMPT,MF41,T,4560000.0
2002,EN_MAT_DOMCMPT,MF41,T,4156000.0
2003,EN_MAT_DOMCMPT,MF41,T,3452000.0
2004,EN_MAT_DOMCMPT,MF41,T,3253000.0
2005,EN_MAT_DOMCMPT,MF41,T,3674000.0
2006,EN_MAT_DOMCMPT,MF41,T,3547000.0
2007,EN_MAT_DOMCMPT,MF41,T,3418000.0
2008,EN_MAT_DOMCMPT,MF41,T,2579000.0
2009,EN_MAT_DOMCMPT,MF41,T,2638900.0
2010,EN_MAT_DOMCMPT,MF41,T,2842300.0
2011,EN_MAT_DOMCMPT,MF41,T,2853400.0
2012,EN_MAT_DOMCMPT,MF41,T,3019900.0
2013,EN_MAT_DOMCMPT,MF41,T,3071900.0
2014,EN_MAT_DOMCMPT,MF41,T,5818200.0
2015,EN_MAT_DOMCMPT,MF41,T,4365200.0
2016,EN_MAT_DOMCMPT,MF41,T,1624200.0
2017,EN_MAT_DOMCMPT,MF41,T,2865400.0
2018,EN_MAT_DOMCMPT,MF41,T,3248700.0
2019,EN_MAT_DOMCMPT,MF41,T,3259053.66545
2000,EN_MAT_DOMCMPT,MF413,T,0.0
2001,EN_MAT_DOMCMPT,MF413,T,0.0
2002,EN_MAT_DOMCMPT,MF413,T,0.0
2003,EN_MAT_DOMCMPT,MF413,T,0.0
2004,EN_MAT_DOMCMPT,MF413,T,0.0
2005,EN_MAT_DOMCMPT,MF413,T,0.0
2006,EN_MAT_DOMCMPT,MF413,T,0.0
2007,EN_MAT_DOMCMPT,MF413,T,0.0
2008,EN_MAT_DOMCMPT,MF413,T,0.0
2009,EN_MAT_DOMCMPT,MF413,T,0.0
2010,EN_MAT_DOMCMPT,MF413,T,0.0
2011,EN_MAT_DOMCMPT,MF413,T,0.0
2012,EN_MAT_DOMCMPT,MF413,T,0.0
2013,EN_MAT_DOMCMPT,MF413,T,0.0
2014,EN_MAT_DOMCMPT,MF413,T,0.0
2015,EN_MAT_DOMCMPT,MF413,T,0.0
2016,EN_MAT_DOMCMPT,MF413,T,0.0
2017,EN_MAT_DOMCMPT,MF413,T,0.0
2018,EN_MAT_DOMCMPT,MF413,T,0.0
2019,EN_MAT_DOMCMPT,MF413,T,0.0
2000,EN_MAT_DOMCMPT,MF421,T,0.0
2001,EN_MAT_DOMCMPT,MF421,T,0.0
2002,EN_MAT_DOMCMPT,MF421,T,0.0
2003,EN_MAT_DOMCMPT,MF421,T,0.0
2004,EN_MAT_DOMCMPT,MF421,T,0.0
2005,EN_MAT_DOMCMPT,MF421,T,0.0
2006,EN_MAT_DOMCMPT,MF421,T,0.0
2007,EN_MAT_DOMCMPT,MF421,T,0.0
2008,EN_MAT_DOMCMPT,MF421,T,0.0
2009,EN_MAT_DOMCMPT,MF421,T,0.0
2010,EN_MAT_DOMCMPT,MF421,T,0.0
2011,EN_MAT_DOMCMPT,MF421,T,0.0
2012,EN_MAT_DOMCMPT,MF421,T,0.0
2013,EN_MAT_DOMCMPT,MF421,T,0.0
2014,EN_MAT_DOMCMPT,MF421,T,0.0
2015,EN_MAT_DOMCMPT,MF421,T,0.0
2016,EN_MAT_DOMCMPT,MF421,T,0.0
2017,EN_MAT_DOMCMPT,MF421,T,0.0
2018,EN_MAT_DOMCMPT,MF421,T,0.0
2019,EN_MAT_DOMCMPT,MF421,T,0.0
2000,EN_MAT_DOMCMPT,MF422,T,0.0
2001,EN_MAT_DOMCMPT,MF422,T,0.0
2002,EN_MAT_DOMCMPT,MF422,T,0.0
2003,EN_MAT_DOMCMPT,MF422,T,0.0
2004,EN_MAT_DOMCMPT,MF422,T,0.0
2005,EN_MAT_DOMCMPT,MF422,T,0.0
2006,EN_MAT_DOMCMPT,MF422,T,0.0
2007,EN_MAT_DOMCMPT,MF422,T,0.0
2008,EN_MAT_DOMCMPT,MF422,T,0.0
2009,EN_MAT_DOMCMPT,MF422,T,0.0
2010,EN_MAT_DOMCMPT,MF422,T,0.0
2011,EN_MAT_DOMCMPT,MF422,T,0.0
2012,EN_MAT_DOMCMPT,MF422,T,0.0
2013,EN_MAT_DOMCMPT,MF422,T,0.0
2014,EN_MAT_DOMCMPT,MF422,T,0.0
2015,EN_MAT_DOMCMPT,MF422,T,0.0
2016,EN_MAT_DOMCMPT,MF422,T,0.0
2017,EN_MAT_DOMCMPT,MF422,T,0.0
2018,EN_MAT_DOMCMPT,MF422,T,0.0
2019,EN_MAT_DOMCMPT,MF422,T,0.0
